{
  "Alto da Colina" : [ -25.7452563, -53.06134369999999 ],
  "Bairro Da Luz" : [ -25.7327071, -53.0552973 ],
  "Nossa Senhora de Lurdes" : [ -25.764699, -53.06067179999999 ],
  "São Francisco Xavier" : [ -25.7564669, -53.0499233 ],
  "Nossa Senhora Aparecida" : [ -25.7690564, -53.0539538 ],
  "Centro Sul" : [ -25.7158424, -53.1749726 ],
  "Margarida Galvan" : [ -25.7316716, -53.0647029 ],
  "São Judas Tadeu" : [ -25.7466994, -53.0511197 ],
  "Centro" : [ -25.7479123, -53.0552973 ],
  "Parque Industrial I" : [ -25.7686536, -53.07410970000001 ],
  "São Valentim" : [ -25.834157, -53.1255232 ],
  "Dois Vizinhos" : [ -25.7511034, -53.0606298 ],
  "Concórdia" : [ -25.7648113, -53.0761256 ],
  "Jardim Marcante" : [ -25.7357044, -53.07410970000001 ],
  "São Roque" : [ -25.8082037, -53.0211708 ],
  "Parque Industrial II" : [ -25.764567, -53.0882222 ],
  "Vitoria" : [ -25.7466332, -53.0767976 ],
  "São Francisco de Assis" : [ -25.7417277, -53.0687343 ],
  "Jardim da Colina" : [ -25.7298039, -53.0734378 ],
  "Santa Luzia" : [ -25.7567717, -53.0767976 ],
  "Erval" : [ -25.6856658, -53.0353461 ],
  "Esperança" : [ -25.7551905, -53.071422 ],
  "Centro Norte" : [ -25.7402284, -53.0593282 ],
  "Sagrada Família" : [ -25.758678, -53.0660467 ],
  "Bairro Das Torres" : [ -25.7412627, -53.0499233 ]
}